Timestep,dx,dy
0,-20.21416072401363,-65.34688627512467
